{
  "train_losses": [
    7099.7425963785045,
    4585.581765661507,
    4571.251223441151,
    4573.645777964369,
    4513.379129399094,
    4600.0538565092,
    4558.0554130768105,
    4553.420253632447,
    4606.282678336741,
    4575.490787456191,
    4581.1191515771025,
    4501.775479154498,
    4533.426754161799,
    4527.703530684142,
    4524.892321663259,
    4528.011265606747,
    4649.441433173919,
    4519.923972784025,
    4696.811747955608,
    4601.2700984776575,
    4539.040128048336,
    4564.725056585865,
    4612.982066844334,
    4503.994610652745,
    4597.362846816589,
    4525.7690721743575,
    4512.596341997663,
    4587.431620546145,
    4652.608161598277,
    4520.747829658294,
    4560.818409572138,
    4539.666735725759,
    4564.132983170269,
    4484.753563084112,
    4577.238870838201,
    4497.251785192757,
    4479.27199182243,
    4469.009378194363,
    4515.226939434871,
    4536.5263740325645,
    4500.351425598715,
    4506.236618355724,
    4496.480387978242,
    4484.5681941807825,
    4480.950804066881,
    4499.234249963493,
    4497.7197648948595,
    4500.113032545999,
    4523.326646922459,
    4489.082880037968
  ],
  "val_losses": [
    4354.773977568655,
    3991.6994776870265,
    4092.544600053267,
    4004.9716574928975,
    4269.948234789299,
    4249.4447169448395,
    3993.649140329072,
    3985.897801254735,
    4242.325047348485,
    4472.75,
    3982.110876834754,
    4042.0094770951705,
    3999.4328761245265,
    4084.620731238163,
    4095.1315178148675,
    3984.3403468276515,
    4053.531923236269,
    4245.516956676136,
    3995.375070282907,
    4056.9304717092805,
    4064.003913648201,
    4435.1410799893465,
    4117.528246330492,
    4007.3767903645835,
    4073.020097212358,
    4006.7436671401515,
    3994.0550722064395,
    3982.5081491181345,
    4131.777417732008,
    3987.620664654356,
    4039.795887340199,
    4210.5074536872635,
    4086.5782877604165,
    3983.6898896188445,
    3998.0336396188445,
    4047.835604580966,
    3983.076316139915,
    3978.7789121685605,
    3980.285692619555,
    4001.6599084102745,
    4016.782263553504,
    4002.3222027402935,
    3985.6990966796875,
    3996.424149946733,
    3979.735588304924,
    3991.397453539299,
    4030.9595540364585,
    3984.374715169271,
    3979.970791903409,
    3994.9849853515625
  ],
  "best_val_loss": 3978.7789121685605,
  "test_mae": 48.59407253826366,
  "test_r2": -0.10617099691483345,
  "test_predictions": [
    "128.62187",
    "129.77559",
    "129.86794",
    "129.4587",
    "129.86967",
    "127.5616",
    "128.61067",
    "128.5276",
    "127.66082",
    "129.47325",
    "130.42543",
    "130.504",
    "128.82373",
    "128.18166",
    "131.5767",
    "128.61266",
    "128.70857",
    "128.10133",
    "129.50784",
    "130.0233",
    "129.08133",
    "129.86562",
    "129.53119",
    "128.91786",
    "128.82439",
    "129.33626",
    "129.08337",
    "128.29688",
    "129.97427",
    "129.84229",
    "129.24525",
    "130.3694",
    "128.5829",
    "126.88597",
    "125.73166",
    "126.62628",
    "128.98686",
    "129.52998",
    "129.5721",
    "128.7491",
    "128.0913",
    "129.24817",
    "130.3021",
    "129.10667",
    "129.44249",
    "128.02122",
    "128.26572",
    "129.21513",
    "129.55376",
    "129.55139",
    "129.21584",
    "129.36313",
    "128.4903",
    "129.49863",
    "129.74895",
    "128.7077",
    "129.5655",
    "128.71957",
    "129.91289",
    "129.40517",
    "127.76577",
    "128.68146",
    "129.8055",
    "127.706604",
    "128.65648",
    "127.75446",
    "130.11333",
    "127.70871",
    "129.54845",
    "128.00113",
    "125.89284",
    "129.5317",
    "129.81035",
    "129.71605",
    "127.209305",
    "128.99397",
    "129.36208",
    "129.1421",
    "129.8017",
    "126.62933",
    "128.52061",
    "129.91557",
    "129.63522",
    "127.29265",
    "128.63884",
    "128.90862",
    "127.42461",
    "128.07475",
    "126.62694",
    "129.65565",
    "128.51344",
    "129.6742",
    "127.789185",
    "130.04224",
    "130.29646",
    "129.98729",
    "129.16069",
    "129.1364",
    "128.20692",
    "129.03893",
    "129.59772",
    "127.53843",
    "129.02104",
    "129.73944",
    "129.43376",
    "130.31995",
    "128.21725",
    "129.89825",
    "129.18935",
    "128.66037",
    "129.58777",
    "128.81694",
    "129.74362",
    "129.16182",
    "129.40968",
    "127.12218",
    "127.78679",
    "126.43109",
    "129.17595",
    "127.944145",
    "129.0",
    "130.19614",
    "130.14534",
    "129.08702",
    "128.18991",
    "128.62358",
    "128.24855",
    "127.51001",
    "130.27443",
    "128.52827",
    "128.88885",
    "129.5356",
    "129.36127",
    "130.0448",
    "130.23926",
    "129.18599"
  ],
  "test_targets": [
    "[78.024]",
    "[55.604]",
    "[55.135]",
    "[60.562]",
    "[124.542]",
    "[58.815]",
    "[132.728]",
    "[163.414]",
    "[172.073]",
    "[210.143]",
    "[173.199]",
    "[312.139]",
    "[88.31]",
    "[183.528]",
    "[99.992]",
    "[182.568]",
    "[56.864]",
    "[84.622]",
    "[56.574]",
    "[143.898]",
    "[75.036]",
    "[69.912]",
    "[184.943]",
    "[124.834]",
    "[148.033]",
    "[111.403]",
    "[115.307]",
    "[80.505]",
    "[178.781]",
    "[103.462]",
    "[61.494]",
    "[56.852]",
    "[71.259]",
    "[109.96]",
    "[188.491]",
    "[178.355]",
    "[140.541]",
    "[83.944]",
    "[50.57]",
    "[60.78]",
    "[52.257]",
    "[62.668]",
    "[53.116]",
    "[124.136]",
    "[79.531]",
    "[134.549]",
    "[92.34]",
    "[58.575]",
    "[68.719]",
    "[136.955]",
    "[99.329]",
    "[116.199]",
    "[80.272]",
    "[71.871]",
    "[77.05]",
    "[59.735]",
    "[65.958]",
    "[102.596]",
    "[117.832]",
    "[56.912]",
    "[182.218]",
    "[109.77]",
    "[236.689]",
    "[88.959]",
    "[300.149]",
    "[81.186]",
    "[80.376]",
    "[101.993]",
    "[83.444]",
    "[154.842]",
    "[142.751]",
    "[70.981]",
    "[74.927]",
    "[51.992]",
    "[214.562]",
    "[167.842]",
    "[121.691]",
    "[57.601]",
    "[84.837]",
    "[88.056]",
    "[55.006]",
    "[115.604]",
    "[173.915]",
    "[105.11]",
    "[199.848]",
    "[99.447]",
    "[88.552]",
    "[51.828]",
    "[156.]",
    "[87.619]",
    "[100.302]",
    "[135.017]",
    "[105.611]",
    "[56.451]",
    "[53.24]",
    "[58.932]",
    "[64.347]",
    "[124.323]",
    "[107.587]",
    "[137.291]",
    "[142.088]",
    "[63.633]",
    "[67.199]",
    "[81.221]",
    "[69.44]",
    "[57.274]",
    "[58.767]",
    "[91.876]",
    "[71.135]",
    "[177.68]",
    "[317.793]",
    "[63.574]",
    "[110.837]",
    "[151.394]",
    "[81.877]",
    "[59.625]",
    "[203.358]",
    "[64.012]",
    "[63.365]",
    "[174.986]",
    "[50.804]",
    "[151.799]",
    "[212.177]",
    "[69.984]",
    "[122.592]",
    "[87.228]",
    "[87.617]",
    "[179.259]",
    "[178.768]",
    "[124.366]",
    "[120.983]",
    "[102.152]",
    "[90.672]",
    "[179.509]",
    "[156.278]",
    "[94.162]"
  ]
}