{
  "train_losses": [
    2.269378202302115,
    1.0581055240971702,
    1.036060516323362,
    1.0365163939339774,
    0.9581878696169172,
    0.920759699174336,
    0.9055798820086888,
    0.9077359693390983,
    0.8731659948825836,
    0.7800142190286091,
    0.6491617624248777,
    0.6555792263575962,
    0.5805429284061704,
    0.5355142440114703,
    0.547619396022388,
    0.5050780922174454,
    0.5143483344997678,
    0.4883902817964554,
    0.4304870313831738,
    0.4294593185186386,
    0.42591736785003115,
    0.4267817682453564,
    0.46766956469842363,
    0.399969499026026,
    0.36325481853314806,
    0.3858287813408034,
    0.36373655391590937,
    0.35955103061028887,
    0.3684851016317095,
    0.36443167233041357,
    0.32864593288728167,
    0.3531454567398344,
    0.3504091820546559
  ],
  "val_losses": [
    1.2404349446296692,
    1.232054203748703,
    1.0797878503799438,
    1.155110627412796,
    1.1402228772640228,
    1.0796374678611755,
    0.9765393733978271,
    0.9979158639907837,
    0.8468385636806488,
    0.7826521992683411,
    0.6882729828357697,
    0.7842479348182678,
    0.684030145406723,
    0.767434298992157,
    0.8127100765705109,
    0.7137523293495178,
    0.704850822687149,
    0.7466617226600647,
    0.7708680033683777,
    0.7035247683525085,
    0.8038767576217651,
    0.8771027028560638,
    0.8323467075824738,
    0.7933672070503235,
    0.7593097984790802,
    0.8117246329784393,
    0.8115360140800476,
    0.8401389718055725,
    0.8685526549816132,
    0.7714694738388062,
    0.9906113743782043,
    0.8379539251327515,
    0.7873730063438416
  ],
  "test_metrics": {
    "mae_log": 0.5876744389533997,
    "mae_orig": 0.00035364917130209506,
    "mse_log": 0.6945124864578247,
    "rmse_log": 0.8333741575413919,
    "mape": 18723039.0625,
    "r2_log": 0.13837873935699463,
    "loss": 0.6668610870838165
  }
}