{
  "train_losses": [
    1.08125844172069,
    1.0104054851191384,
    1.0105112003428596,
    1.00625975217138,
    1.0074140855244227,
    1.0078150842870985,
    1.0108532245670045,
    1.01263042645795,
    0.998792724949973,
    0.9980700526918683,
    1.0144533983298711,
    1.0266555207116264,
    1.0154833538191659,
    1.0203030492578233,
    1.0027832729475838,
    1.01367906161717,
    1.0216962354523795,
    1.0106337113039834,
    1.0059285759925842,
    1.0085980807031905,
    1.0028196104935236
  ],
  "val_losses": [
    1.1382179260253906,
    1.1382176280021667,
    1.1382177472114563,
    1.1382176876068115,
    1.1382173895835876,
    1.1382173895835876,
    1.1382173895835876,
    1.1382173299789429,
    1.1382173299789429,
    1.1382173895835876,
    1.1382173895835876,
    1.1382173895835876,
    1.1382173895835876,
    1.138217270374298,
    1.138217270374298,
    1.1382173895835876,
    1.138217270374298,
    1.1382173299789429,
    1.138217270374298,
    1.1382173895835876,
    1.138217270374298
  ],
  "test_metrics": {
    "mae_log": 0.7086448669433594,
    "mae_orig": 0.0003808136680163443,
    "mse_log": 0.808070182800293,
    "rmse_log": 0.8989272399923661,
    "mape": 8250582.8125,
    "r2_log": -0.00250244140625,
    "loss": 0.7646952271461487
  }
}